factor_type,key,stand,factor,factor_ci_low,factor_ci_high,significant,n
weather,temp=60-70 wind=Cross speed=10-15mph,L,0.09173654470391668,-0.04205065170339328,0.22552374111122675,no (CI overlaps baseline),160
weather,temp=60-70 wind=Cross speed=0-5mph,L,0.09109396320763241,-0.04701130082144145,0.22919922723670605,no (CI overlaps baseline),149
weather,temp=70-80 wind=Cross speed=10-15mph,L,0.08842028897378906,-0.04494439107088122,0.22178496901845968,no (CI overlaps baseline),561
weather,temp=70-80 wind=Cross speed=0-5mph,L,0.08777863177041323,-0.04938059740019507,0.2249378609410213,no (CI overlaps baseline),344
weather,temp=60-70 wind=Cross speed=5-10mph,L,0.08775419373377424,-0.04403306677784624,0.21954145424539462,no (CI overlaps baseline),694
weather,temp=70-80 wind=Cross speed=5-10mph,L,0.08444368566040361,-0.04687604044683191,0.21576341176763902,no (CI overlaps baseline),1195
weather,temp=60-70 wind=Out speed=10-15mph,L,0.07508738553982464,-0.057569122660642735,0.207743893740292,no (CI overlaps baseline),503
weather,temp=60-70 wind=Out speed=0-5mph,L,0.07444950730823785,-0.064580740482864,0.2134797550993397,no (CI overlaps baseline),88
weather,temp=70-80 wind=Out speed=10-15mph,L,0.07179546719117291,-0.06047312309478248,0.2040640574771284,no (CI overlaps baseline),733
weather,temp=70-80 wind=Out speed=0-5mph,L,0.07115853749830103,-0.06696997290591566,0.2092870479025175,no (CI overlaps baseline),487
weather,temp=60-70 wind=Out speed=5-10mph,L,0.07113427963137386,-0.06043556169909381,0.20270412096184143,no (CI overlaps baseline),653
weather,temp=70-80 wind=Out speed=5-10mph,L,0.0678482587744702,-0.06328985226781036,0.1989863698167511,no (CI overlaps baseline),1448
weather,temp=80-90 wind=Cross speed=10-15mph,L,0.039909613300213254,-0.0940339051507213,0.17385313175114803,no (CI overlaps baseline),271
weather,temp=80-90 wind=Cross speed=0-5mph,L,0.039282189054044014,-0.09701693294399494,0.1755813110520832,no (CI overlaps baseline),464
weather,temp=80-90 wind=Cross speed=5-10mph,L,0.03602149507843655,-0.09418069914208582,0.16622368929895903,no (CI overlaps baseline),1383
weather,temp=90+ wind=Cross speed=10-15mph,L,0.035147005264617226,-0.11652572249221149,0.18681973302144628,no (CI overlaps baseline),103
weather,temp=90+ wind=Cross speed=0-5mph,L,0.03452105025240915,-0.1196521348784726,0.18869423538329078,no (CI overlaps baseline),107
weather,temp=60-70 wind=Varies speed=10-15mph,L,0.03367097461958912,-0.14064473368871488,0.2079866829278929,no (CI overlaps baseline),150
weather,temp=<60 wind=Cross speed=10-15mph,L,0.03242512394187469,-0.1146786626058377,0.1795289104895872,no (CI overlaps baseline),106
weather,temp=<60 wind=Cross speed=0-5mph,L,0.031800014386043074,-0.12161035079788074,0.1852103795699671,no (CI overlaps baseline),55
weather,temp=90+ wind=Cross speed=5-10mph,L,0.03126801903348575,-0.11849384558159126,0.18102988364856287,no (CI overlaps baseline),269
weather,temp=70-80 wind=Varies speed=10-15mph,L,0.03044310985055132,-0.14565536126279843,0.20654158096390107,no (CI overlaps baseline),39
weather,temp=70-80 wind=Varies speed=0-5mph,L,0.02981861857976753,-0.150464910646942,0.21010214780647685,no (CI overlaps baseline),43
weather,temp=60-70 wind=Varies speed=5-10mph,L,0.02979483472734401,-0.14540964177869053,0.20499931123337833,no (CI overlaps baseline),68
weather,temp=<60 wind=Cross speed=5-10mph,L,0.028551392461539704,-0.11888172528240093,0.17598451020548045,no (CI overlaps baseline),109
weather,temp=70-80 wind=Varies speed=5-10mph,L,0.026573221111975576,-0.15036188814322327,0.20350833036717453,no (CI overlaps baseline),61
weather,temp=60-70 wind=Calm speed=10-15mph,L,0.026435482004606436,-0.11562307389159898,0.1684940379008122,no (CI overlaps baseline),12
weather,temp=60-70 wind=Calm speed=0-5mph,L,0.02581224770807311,-0.10241466172118896,0.1540391571373354,no (CI overlaps baseline),536
weather,temp=80-90 wind=Out speed=10-15mph,L,0.023659121421088614,-0.10951643203577499,0.1568346748779521,no (CI overlaps baseline),513
weather,temp=70-80 wind=Calm speed=10-15mph,L,0.02321932161101703,-0.1240912188810791,0.17052986210311305,no (CI overlaps baseline),21
weather,temp=80-90 wind=Out speed=0-5mph,L,0.0230367632557813,-0.11447412973024629,0.1605476562418089,no (CI overlaps baseline),353
weather,temp=70-80 wind=Calm speed=0-5mph,L,0.022597102633474808,-0.11096819680855607,0.1561624020755057,no (CI overlaps baseline),3893
weather,temp=60-70 wind=Calm speed=5-10mph,L,0.022573405372093847,-0.1169642778304093,0.16211108857459688,no (CI overlaps baseline),20
weather,temp=80-90 wind=Out speed=5-10mph,L,0.019802489801165946,-0.1105346295391173,0.15013960914144908,no (CI overlaps baseline),1504
weather,temp=70-80 wind=Calm speed=5-10mph,L,0.01936355500906406,-0.1254671698354084,0.16419427985353674,no (CI overlaps baseline),14
weather,temp=90+ wind=Out speed=10-15mph,L,0.018935112079549343,-0.12997494809186083,0.16784517225095952,no (CI overlaps baseline),238
weather,temp=90+ wind=Out speed=0-5mph,L,0.01831425470440995,-0.13488673010744512,0.17151523951626513,no (CI overlaps baseline),108
weather,temp=<60 wind=Out speed=10-15mph,L,0.0162354386963528,-0.1295324029730952,0.1620032803658007,no (CI overlaps baseline),351
weather,temp=<60 wind=Out speed=0-5mph,L,0.015615444672472778,-0.13818639397761834,0.169417283322564,no (CI overlaps baseline),36
weather,temp=90+ wind=Out speed=5-10mph,L,0.015087807342741844,-0.13266811169245663,0.16284372637794053,no (CI overlaps baseline),338
weather,temp=<60 wind=Out speed=5-10mph,L,0.012393499224557791,-0.13446054075008795,0.15924753919920343,no (CI overlaps baseline),348
weather,temp=60-70 wind=Cross speed=15+mph,L,0.007038227888901183,-0.1426463748339779,0.15672283061178027,no (CI overlaps baseline),31
weather,temp=70-80 wind=Cross speed=15+mph,L,0.0038541997809005135,-0.14644736065294284,0.1541557602147443,no (CI overlaps baseline),62
weather,temp=60-70 wind=In speed=10-15mph,L,-0.003716754981248127,-0.1370615358918812,0.12962802592938494,no (CI overlaps baseline),177
weather,temp=60-70 wind=In speed=0-5mph,L,-0.004330240205875691,-0.14085657584984834,0.13219609543809696,no (CI overlaps baseline),193
weather,temp=70-80 wind=In speed=10-15mph,L,-0.006882493303808523,-0.14024132725553518,0.12647634064791813,no (CI overlaps baseline),313
weather,temp=70-80 wind=In speed=0-5mph,L,-0.007494925053764923,-0.14354153966643035,0.1285516895589005,no (CI overlaps baseline),349
weather,temp=60-70 wind=In speed=5-10mph,L,-0.007518249361085916,-0.13866998244108053,0.12363348371890859,no (CI overlaps baseline),329
weather,temp=60-70 wind=Out speed=15+mph,L,-0.008939127966302585,-0.15544878813504304,0.13757053220243787,no (CI overlaps baseline),174
weather,temp=70-80 wind=In speed=5-10mph,L,-0.01067744206406307,-0.14180882577985865,0.12045394165173273,no (CI overlaps baseline),1139
weather,temp=70-80 wind=Out speed=15+mph,L,-0.012095863281631147,-0.15925638283781685,0.13506465627455455,no (CI overlaps baseline),201
weather,temp=80-90 wind=Varies speed=10-15mph,L,-0.016711968836920832,-0.19010224830034217,0.15667831062650062,no (CI overlaps baseline),47
weather,temp=80-90 wind=Varies speed=0-5mph,L,-0.017321093377209995,-0.1938444097076436,0.1592022229532235,no (CI overlaps baseline),14
weather,temp=80-90 wind=Varies speed=5-10mph,L,-0.020486369704349916,-0.1934050123832568,0.15243227297455708,no (CI overlaps baseline),65
weather,temp=90+ wind=Varies speed=10-15mph,L,-0.021335179509277546,-0.20611921212077622,0.16344885310222113,no (CI overlaps baseline),14
weather,temp=90+ wind=Varies speed=0-5mph,L,-0.02194272958486576,-0.20998099163426565,0.1660955324645339,no (CI overlaps baseline),38
weather,temp=<60 wind=Varies speed=10-15mph,L,-0.023976887756278598,-0.20665684219613234,0.15870306668357514,no (CI overlaps baseline),82
weather,temp=80-90 wind=Calm speed=0-5mph,L,-0.024363727679775904,-0.1602852924889746,0.11155783712942302,no (CI overlaps baseline),112
weather,temp=<60 wind=Varies speed=0-5mph,L,-0.02458353273850966,-0.2133773847383179,0.1642103192612987,no (CI overlaps baseline),14
weather,temp=80-90 wind=Calm speed=5-10mph,L,-0.027516472358391386,-0.17358304633483157,0.1185501016180488,no (CI overlaps baseline),26
weather,temp=<60 wind=Calm speed=0-5mph,L,-0.03159731707120106,-0.17730013147471302,0.11410549733231079,no (CI overlaps baseline),64
weather,temp=80-90 wind=Cross speed=15+mph,L,-0.042632198474993,-0.1915255932321578,0.10626119628217179,no (CI overlaps baseline),65
weather,temp=90+ wind=Cross speed=15+mph,L,-0.047187001621171065,-0.21137396981544354,0.11699996657310163,no (CI overlaps baseline),12
weather,temp=60-70 wind=Varies speed=15+mph,L,-0.04859830071522697,-0.2310057873186694,0.13380918588821555,no (CI overlaps baseline),54
weather,temp=<60 wind=Cross speed=15+mph,L,-0.04978939347006173,-0.2110921488704497,0.11151336193032657,no (CI overlaps baseline),29
weather,temp=80-90 wind=In speed=10-15mph,L,-0.05309051511748253,-0.1883418464815828,0.08216081624661786,no (CI overlaps baseline),194
weather,temp=80-90 wind=In speed=0-5mph,L,-0.053686923081150306,-0.1903147290395627,0.08294088287726198,no (CI overlaps baseline),311
weather,temp=80-90 wind=In speed=5-10mph,L,-0.05678592033871044,-0.18833645632356888,0.07476461564614789,no (CI overlaps baseline),654
weather,temp=90+ wind=In speed=10-15mph,L,-0.057616900031635776,-0.21049435602651356,0.09526055596324201,no (CI overlaps baseline),10
weather,temp=80-90 wind=Out speed=15+mph,L,-0.05816698148356192,-0.20425888493530409,0.08792492196818014,no (CI overlaps baseline),162
weather,temp=90+ wind=In speed=0-5mph,L,-0.05821167322362297,-0.21268467132006907,0.09626132487282324,no (CI overlaps baseline),22
weather,temp=<60 wind=In speed=10-15mph,L,-0.060202963561397205,-0.2046954080285749,0.08428948090578037,no (CI overlaps baseline),188
weather,temp=<60 wind=In speed=0-5mph,L,-0.06079679753981071,-0.21043456706469965,0.08884097198507823,no (CI overlaps baseline),54
weather,temp=90+ wind=In speed=5-10mph,L,-0.06130215144114315,-0.2121406486299694,0.08953634574768299,no (CI overlaps baseline),68
weather,temp=90+ wind=Out speed=15+mph,L,-0.06267940280528983,-0.22252381054865789,0.09716500493807834,no (CI overlaps baseline),80
weather,temp=<60 wind=In speed=5-10mph,L,-0.06388238151384718,-0.2083576625051422,0.08059289947744785,no (CI overlaps baseline),227
weather,temp=<60 wind=Out speed=15+mph,L,-0.06525744420945478,-0.2234032699574824,0.09288838153857282,no (CI overlaps baseline),50
weather,temp=60-70 wind=In speed=15+mph,L,-0.08429462269995891,-0.23188398782173025,0.06329474242181243,no (CI overlaps baseline),18
weather,temp=70-80 wind=In speed=15+mph,L,-0.08731257705593376,-0.23577694479687394,0.061151790685006535,no (CI overlaps baseline),39
weather,temp=<60 wind=Varies speed=15+mph,L,-0.10359666874018225,-0.2934363255710145,0.0862429880906499,no (CI overlaps baseline),11
weather,temp=80-90 wind=In speed=15+mph,L,-0.1312825739079969,-0.2793801282580569,0.016814980442062977,no (CI overlaps baseline),21
weather,temp=<60 wind=In speed=15+mph,L,-0.1380371129942609,-0.2951165093731848,0.01904228338466285,no (CI overlaps baseline),10
weather,temp=80-90 wind=In speed=15+mph,R,0.08820568302058596,-0.07393662719784933,0.2503479932390211,no (CI overlaps baseline),7
weather,temp=80-90 wind=Cross speed=15+mph,R,0.07646489806520207,-0.08176033041955388,0.23469012654995813,no (CI overlaps baseline),46
weather,temp=60-70 wind=In speed=15+mph,R,0.07503482622717783,-0.0851879570269709,0.23525760948132657,no (CI overlaps baseline),5
weather,temp=60-70 wind=Cross speed=15+mph,R,0.06336077810303187,-0.09537793599053834,0.22209949219660197,no (CI overlaps baseline),14
weather,temp=60-70 wind=Varies speed=15+mph,R,0.05899075199714332,-0.14742847060090647,0.2654099745951932,no (CI overlaps baseline),35
weather,temp=70-80 wind=In speed=15+mph,R,0.058483378947874254,-0.09646367056042848,0.21343042845617677,no (CI overlaps baseline),51
weather,temp=80-90 wind=Out speed=15+mph,R,0.05844021004462263,-0.0944335236627123,0.21131394375195733,no (CI overlaps baseline),104
weather,temp=<60 wind=In speed=15+mph,R,0.054114629183305896,-0.11223411033580877,0.22046336870242067,no (CI overlaps baseline),13
weather,temp=70-80 wind=Cross speed=15+mph,R,0.04689582378322821,-0.10633405631814508,0.2001257038846016,no (CI overlaps baseline),59
weather,temp=60-70 wind=Out speed=15+mph,R,0.0454417572705641,-0.1076100842153287,0.19849359875645667,no (CI overlaps baseline),147
weather,temp=80-90 wind=In speed=10-15mph,R,0.04384234661103514,-0.08768911557014558,0.17537380879221587,no (CI overlaps baseline),154
weather,temp=<60 wind=Cross speed=15+mph,R,0.042550391732163684,-0.12194380019767737,0.2070445836620045,no (CI overlaps baseline),36
weather,temp=<60 wind=Varies speed=15+mph,R,0.038222139726765025,-0.17331826393786243,0.2497625433913926,no (CI overlaps baseline),17
weather,temp=80-90 wind=Cross speed=10-15mph,R,0.032333739132822226,-0.09598219679900966,0.16064967506465422,no (CI overlaps baseline),237
weather,temp=60-70 wind=In speed=10-15mph,R,0.030932321745629432,-0.09897748811030882,0.1608421316015678,no (CI overlaps baseline),191
weather,temp=70-80 wind=Out speed=15+mph,R,0.029113569397341,-0.11835642311192618,0.17658356190660807,no (CI overlaps baseline),198
weather,temp=80-90 wind=Varies speed=10-15mph,R,0.028026634597687394,-0.15895669940695023,0.2150099686023248,no (CI overlaps baseline),11
weather,temp=80-90 wind=In speed=5-10mph,R,0.025558168453565955,-0.09972669080127439,0.1508430277084063,no (CI overlaps baseline),600
weather,temp=<60 wind=Out speed=15+mph,R,0.024804975310209976,-0.1340223543631308,0.18363230498355065,no (CI overlaps baseline),69
weather,temp=60-70 wind=Calm speed=10-15mph,R,0.022497663290050207,-0.14300430878028625,0.18799963536038677,no (CI overlaps baseline),2
weather,temp=90+ wind=Cross speed=15+mph,R,0.021940164997521938,-0.14907732832476506,0.1929576583198087,no (CI overlaps baseline),15
weather,temp=60-70 wind=Cross speed=10-15mph,R,0.019495226446376357,-0.11009116415817843,0.14908161705093081,no (CI overlaps baseline),289
weather,temp=80-90 wind=Calm speed=5-10mph,R,0.017145787101367382,-0.14999396089522543,0.18428553509796042,no (CI overlaps baseline),31
weather,temp=60-70 wind=Varies speed=10-15mph,R,0.015215292933263402,-0.17023616383049744,0.20066674969702403,no (CI overlaps baseline),124
weather,temp=70-80 wind=In speed=10-15mph,R,0.014718429033270919,-0.10921751469677687,0.13865437276331893,no (CI overlaps baseline),261
weather,temp=80-90 wind=Out speed=10-15mph,R,0.014676154753470616,-0.11055437499827503,0.13990668450521615,no (CI overlaps baseline),410
weather,temp=80-90 wind=Cross speed=5-10mph,R,0.014151366476547134,-0.10883994147937848,0.13714267443247308,no (CI overlaps baseline),1231
weather,temp=60-70 wind=In speed=5-10mph,R,0.012762498962540558,-0.11383279612381558,0.1393577940488968,no (CI overlaps baseline),288
weather,temp=<60 wind=In speed=10-15mph,R,0.010440591450139758,-0.12644378141830204,0.14732496431858166,no (CI overlaps baseline),146
weather,temp=80-90 wind=Varies speed=5-10mph,R,0.009882938365925575,-0.17370949440282424,0.19347537113467528,no (CI overlaps baseline),65
weather,temp=80-90 wind=In speed=0-5mph,R,0.007111753803072718,-0.12403016303996628,0.1382536706461115,no (CI overlaps baseline),246
weather,temp=70-80 wind=Calm speed=10-15mph,R,0.006351673610884623,-0.15889318304614763,0.17159653026791655,no (CI overlaps baseline),9
weather,temp=60-70 wind=Calm speed=5-10mph,R,0.0044040749527569645,-0.1571524361560187,0.16596058606153274,no (CI overlaps baseline),15
weather,temp=90+ wind=Out speed=15+mph,R,0.004373691975316341,-0.15962166970444214,0.16836905365507482,no (CI overlaps baseline),99
weather,temp=70-80 wind=Cross speed=10-15mph,R,0.003373666967054989,-0.12000173933125902,0.12674907326536888,no (CI overlaps baseline),537
weather,temp=60-70 wind=Out speed=10-15mph,R,0.0019504436718265072,-0.12413818838015978,0.1280390757238128,no (CI overlaps baseline),433
weather,temp=60-70 wind=Cross speed=5-10mph,R,0.001429064964926896,-0.12578977451172435,0.12864790444157825,no (CI overlaps baseline),653
weather,temp=70-80 wind=Varies speed=10-15mph,R,-0.0008712064287544896,-0.18446791090835468,0.1827254980508457,no (CI overlaps baseline),31
weather,temp=<60 wind=Cross speed=10-15mph,R,-0.0008793418671274589,-0.136947907848745,0.13518922411449008,no (CI overlaps baseline),119
weather,temp=80-90 wind=Calm speed=0-5mph,R,-0.001222431087169018,-0.1575557091376134,0.15511084696327537,no (CI overlaps baseline),89
weather,temp=60-70 wind=Varies speed=5-10mph,R,-0.002811508633352333,-0.18682062078229733,0.18119760351559266,no (CI overlaps baseline),67
weather,temp=70-80 wind=In speed=5-10mph,R,-0.003303783132890148,-0.12293585697475107,0.11632829070897088,no (CI overlaps baseline),1072
weather,temp=80-90 wind=Out speed=5-10mph,R,-0.003345666743826081,-0.1238741039877167,0.11718277050006476,no (CI overlaps baseline),1403
weather,temp=80-90 wind=Cross speed=0-5mph,R,-0.004188723698228314,-0.1330054000164077,0.12462795261995119,no (CI overlaps baseline),432
weather,temp=<60 wind=Varies speed=10-15mph,R,-0.005114791456183099,-0.19574704206156357,0.18551745914919726,no (CI overlaps baseline),70
weather,temp=60-70 wind=In speed=0-5mph,R,-0.0055644925837884385,-0.1372129846403064,0.1260839994727294,no (CI overlaps baseline),151
weather,temp=<60 wind=In speed=5-10mph,R,-0.00754193493317501,-0.1420509888844662,0.1269671190181163,no (CI overlaps baseline),223
weather,temp=80-90 wind=Varies speed=0-5mph,R,-0.008416789928417323,-0.19464716223544198,0.17781358237860734,no (CI overlaps baseline),13
weather,temp=90+ wind=In speed=10-15mph,R,-0.009841452409524831,-0.15979610507274244,0.14011320025369267,no (CI overlaps baseline),18
weather,temp=70-80 wind=Calm speed=5-10mph,R,-0.011592630656259373,-0.1721967168206694,0.14901145550815076,no (CI overlaps baseline),21
weather,temp=60-70 wind=Calm speed=0-5mph,R,-0.013843386626359755,-0.1638592465590305,0.13617247330631077,no (CI overlaps baseline),521
weather,temp=70-80 wind=Out speed=10-15mph,R,-0.014025637485318931,-0.13386900658060952,0.10581773160997177,no (CI overlaps baseline),703
weather,temp=70-80 wind=Cross speed=5-10mph,R,-0.014542621945721201,-0.13460920420028188,0.10552396030883959,no (CI overlaps baseline),1319
weather,temp=60-70 wind=Out speed=5-10mph,R,-0.015952403484387645,-0.14029146708884843,0.10838666012007292,no (CI overlaps baseline),588
weather,temp=60-70 wind=Cross speed=0-5mph,R,-0.016789799735215438,-0.14885950976847007,0.11527991029803908,no (CI overlaps baseline),149
weather,temp=<60 wind=Out speed=10-15mph,R,-0.018239556937089674,-0.15073012527145768,0.11425101139727833,no (CI overlaps baseline),376
weather,temp=70-80 wind=Varies speed=5-10mph,R,-0.01874730311768058,-0.20026391328751858,0.16276930705215742,no (CI overlaps baseline),45
weather,temp=<60 wind=Cross speed=5-10mph,R,-0.018755361234163215,-0.1533145618632965,0.11580383939497008,no (CI overlaps baseline),139
weather,temp=90+ wind=Cross speed=10-15mph,R,-0.021041010307353836,-0.16613779939612217,0.1240557787814145,no (CI overlaps baseline),96
weather,temp=70-80 wind=In speed=0-5mph,R,-0.0214768404448481,-0.14674683965294189,0.10379315876324569,no (CI overlaps baseline),269
weather,temp=80-90 wind=Out speed=0-5mph,R,-0.021518316962005235,-0.14926142606949533,0.10622479214548486,no (CI overlaps baseline),344
weather,temp=90+ wind=Varies speed=10-15mph,R,-0.025230793672671448,-0.21897876336475752,0.16851717601941463,no (CI overlaps baseline),21
weather,temp=<60 wind=In speed=0-5mph,R,-0.02567364608824374,-0.16565727116328577,0.11430997898679851,no (CI overlaps baseline),76
weather,temp=90+ wind=In speed=5-10mph,R,-0.02763161410574655,-0.17423440117944378,0.11897117296795057,no (CI overlaps baseline),50
weather,temp=70-80 wind=Calm speed=0-5mph,R,-0.02968453590379372,-0.17907926380773764,0.1197101920001502,no (CI overlaps baseline),3736
weather,temp=70-80 wind=Out speed=5-10mph,R,-0.0317752499619931,-0.1489467274721724,0.0853962275481861,no (CI overlaps baseline),1424
weather,temp=70-80 wind=Cross speed=0-5mph,R,-0.032605360382648385,-0.15810584683621798,0.09289512607092121,no (CI overlaps baseline),323
weather,temp=<60 wind=Calm speed=0-5mph,R,-0.0338622307234393,-0.19343335019168384,0.12570888874480546,no (CI overlaps baseline),48
weather,temp=60-70 wind=Out speed=0-5mph,R,-0.03400115048477115,-0.16454701781483105,0.09654471684528887,no (CI overlaps baseline),130
weather,temp=<60 wind=Out speed=5-10mph,R,-0.03594803328110552,-0.16750904563743318,0.09561297907522226,no (CI overlaps baseline),418
weather,temp=70-80 wind=Varies speed=0-5mph,R,-0.036768211054346134,-0.2205616972333434,0.14702527512465102,no (CI overlaps baseline),22
weather,temp=<60 wind=Cross speed=0-5mph,R,-0.03677618871257027,-0.17663535851216838,0.10308298108702774,no (CI overlaps baseline),58
weather,temp=90+ wind=Out speed=10-15mph,R,-0.03821188218584859,-0.1781175125781299,0.10169374820643262,no (CI overlaps baseline),236
weather,temp=90+ wind=Cross speed=5-10mph,R,-0.03872197306140179,-0.18125243058854834,0.10380848446574475,no (CI overlaps baseline),226
weather,temp=<60 wind=Varies speed=0-5mph,R,-0.0409291935052285,-0.23313157512276128,0.15127318811230417,no (CI overlaps baseline),15
weather,temp=90+ wind=In speed=0-5mph,R,-0.04556313699592196,-0.19523077545522038,0.10410450146337658,no (CI overlaps baseline),23
weather,temp=70-80 wind=Out speed=0-5mph,R,-0.04966462003258654,-0.1736841287450409,0.07435488867986795,no (CI overlaps baseline),486
weather,temp=<60 wind=Out speed=0-5mph,R,-0.0537946559650857,-0.19190417604322796,0.08431486411305644,no (CI overlaps baseline),31
weather,temp=90+ wind=Out speed=5-10mph,R,-0.05572131218982457,-0.19359610810600336,0.08215348372635423,no (CI overlaps baseline),289
weather,temp=90+ wind=Cross speed=0-5mph,R,-0.056540013088133945,-0.20215674029727604,0.08907671412100804,no (CI overlaps baseline),93
weather,temp=90+ wind=Varies speed=0-5mph,R,-0.0606454090136177,-0.25372231412508683,0.13243149609785143,no (CI overlaps baseline),33
weather,temp=90+ wind=Out speed=0-5mph,R,-0.07336130485846926,-0.2155627074734855,0.06884009775654687,no (CI overlaps baseline),102
