venue,stand,batted_balls,hr_rate,park_factor_raw,shrunk_rate,park_factor,confidence
American Family Field,L,1530,0.03594771241830065,-0.19175382540667696,0.03734582390095803,-0.16031877206132017,OK
American Family Field,R,1543,0.04601425793907971,0.03458177041268695,0.04576389459509127,0.028952616248929086,OK
Angel Stadium,L,1134,0.03527336860670194,-0.20691573055777823,0.037198645563984105,-0.1636279208176572,OK
Angel Stadium,R,1925,0.0374025974025974,-0.15904228011144772,0.038356340556743015,-0.13759837717507273,OK
Busch Stadium,L,1666,0.025210084033613446,-0.4331780074280591,0.028149978503943646,-0.3670775993769819,OK
Busch Stadium,R,1763,0.03176403857061826,-0.28581929315571686,0.03361263099309414,-0.24425565382139047,OK
Chase Field,L,1564,0.034526854219948847,-0.22370031452103756,0.0361281425637088,-0.1876970450165788,OK
Chase Field,R,1703,0.040516735173223725,-0.08902419631861291,0.04110976422304204,-0.07569056731432733,OK
Citi Field,L,1710,0.04269005847953217,-0.040159327588216276,0.04295664564117075,-0.03416539809743768,OK
Citi Field,R,1614,0.04275092936802974,-0.03879071024200609,0.04302134678095779,-0.03271066161473224,OK
Citizens Bank Park,L,1589,0.056639395846444306,0.2734767233995148,0.054707706584834946,0.23004473979980355,OK
Citizens Bank Park,R,1567,0.04467134652201659,0.004387831977082923,0.04463998807646128,0.003682770598869345,OK
Comerica Park,L,1538,0.031209362808842653,-0.29829058916971685,0.03337478658256431,-0.24960333304843552,OK
Comerica Park,R,1667,0.04979004199160168,0.11947626887283747,0.048979592139681345,0.10125416380834773,OK
Coors Field,L,1997,0.05057586379569354,0.13714463841130975,0.049779215384742365,0.11923284410421675,OK
Coors Field,R,1638,0.0463980463980464,0.04321084672784559,0.04610054578883035,0.03652186116625966,OK
Daikin Park,L,1226,0.05628058727569331,0.26540929336819086,0.053959932987387424,0.21323184382005378,OK
Daikin Park,R,1680,0.05476190476190476,0.23126332830904928,0.05320346350442081,0.19622343008040555,OK
Fenway Park,L,1439,0.034051424600416956,-0.2343898451037787,0.03584983193717838,-0.1939545641773074,OK
Fenway Park,R,1911,0.03663003663003663,-0.176412489425385,0.037694643934307194,-0.1524759236960248,OK
Globe Life Field,L,1635,0.04220183486238532,-0.05113651763339311,0.04255444844380011,-0.04320837536464994,OK
Globe Life Field,R,1674,0.04778972520908005,0.07450126827655867,0.047286148803826346,0.06317888707951314,OK
Great American Ball Park,L,1293,0.05723124516627997,0.2867838274267882,0.05482916367781118,0.2327755736740975,OK
Great American Ball Park,R,1880,0.05,0.12419695193434954,0.04923984299942808,0.10710562827365933,OK
Kauffman Stadium,L,1560,0.03717948717948718,-0.1640586767667659,0.038356375128361944,-0.1375975998689003,OK
Kauffman Stadium,R,1665,0.043243243243243246,-0.027721555083805915,0.04343147976526881,-0.023489256597728603,OK
Nationals Park,L,1974,0.060790273556231005,0.3668048047834036,0.05863802011378769,0.3184136695877038,OK
Nationals Park,R,1575,0.050793650793650794,0.14204134799679946,0.04978285746066838,0.1193147323173116,OK
Oracle Park,L,1496,0.02807486631016043,-0.3687664173630658,0.03081450876322562,-0.30716846346054916,OK
Oracle Park,R,1556,0.04177377892030849,-0.060760901340196405,0.04221059145406962,-0.050939634959776714,OK
Oriole Park at Camden Yards,L,1617,0.04638218923933209,0.04285431533798634,0.046083911183491505,0.036147849713888514,OK
Oriole Park at Camden Yards,R,1741,0.04767375071797817,0.07189370488858127,0.047203751954313186,0.06132628133807949,OK
PNC Park,L,1796,0.05178173719376392,0.16425742238189867,0.05073609624940516,0.140747295132581,OK
PNC Park,R,1651,0.029678982434887948,-0.3326995682037175,0.03195430945092425,-0.28154125428207966,OK
Petco Park,L,1263,0.0332541567695962,-0.25231556640945885,0.03540809836132643,-0.20388647496810386,OK
Petco Park,R,1760,0.044886363636363634,0.009222263668336339,0.044826629970268546,0.007879215561297004,OK
Progressive Field,L,2006,0.03938185443668993,-0.11454078561501901,0.04004460439668396,-0.09963955591662088,OK
Progressive Field,R,1300,0.043076923076923075,-0.03146108756425292,0.04333928608672075,-0.025562133645955387,OK
Rate Field,L,1631,0.04721030042918455,0.061473516847883714,0.04678552964202652,0.05192299636400732,OK
Rate Field,R,1637,0.04031765424557117,-0.09350031975971818,0.040961723148556124,-0.07901911380829052,OK
Rogers Centre,L,1322,0.04236006051437216,-0.0475789817197646,0.04275145359972454,-0.03877892344853795,OK
Rogers Centre,R,1586,0.03467843631778058,-0.22029215187403262,0.036236934113867025,-0.1852509824348969,OK
Sutter Health Park,L,1375,0.05381818181818182,0.2100447191729724,0.052144989694778036,0.17242476947035068,OK
Sutter Health Park,R,1776,0.05912162162162162,0.3292869364088591,0.057005230124640274,0.281702119008735,OK
T-Mobile Park,L,1648,0.04975728155339806,0.11873968517738653,0.04894397214515052,0.10045328602275827,OK
T-Mobile Park,R,1316,0.05243161094224924,0.17886914412568555,0.05095473869972352,0.1456632386568084,OK
Target Field,L,1563,0.03326935380678183,-0.2519738771518084,0.0350739977126963,-0.2113983735846895,OK
Target Field,R,1719,0.03781268179173938,-0.14982196770526224,0.038802802248020414,-0.12756015972528256,OK
Tropicana Field,L,1728,0.03761574074074074,-0.15424997829013065,0.03863060046289606,-0.1314319341643716,OK
Tropicana Field,R,1724,0.054524361948955914,0.22592243018362912,0.05303500876420613,0.1924359039706407,OK
Truist Park,L,1683,0.05466428995840761,0.22906856301794587,0.053122974149648616,0.19441371233444427,OK
Truist Park,R,1501,0.04197201865423051,-0.05630369124764811,0.04238914921640933,-0.0469249531164464,OK
UNIQLO Field at Dodger Stadium,L,1428,0.05392156862745098,0.21236926188998462,0.052281746376593295,0.1754995983674179,OK
UNIQLO Field at Dodger Stadium,R,1406,0.05263157894736842,0.18336521256247296,0.051197454712047605,0.15112045068161617,OK
Wrigley Field,L,1252,0.06469648562300319,0.4546318387648929,0.06078792380074304,0.36675197302425633,OK
Wrigley Field,R,1966,0.04679552390640895,0.0521477067951186,0.04648846325629003,0.045243773856665115,OK
Yankee Stadium,L,1486,0.06662180349932706,0.4979205685262531,0.06290193602393798,0.4142832949776105,OK
Yankee Stadium,R,1274,0.047880690737833596,0.07654653167967518,0.047231802883578915,0.061956976721668555,OK
loanDepot park,L,1603,0.039925140361821584,-0.10232557799378217,0.04064259471295492,-0.08619437809985941,OK
loanDepot park,R,1424,0.030196629213483147,-0.3210608295902103,0.03268147200623736,-0.26519177571720387,OK
